cluster_id,L,a,b,R,G,B,HEX,global_proportion,colour_record_count,garment_count,chroma,hue_angle_deg,is_neutral,sort_group,palette_index
204,53.114534272453696,2.0412347919951515,0.17407437794991587,131,126,127,#837E7F,0.004297054967575094,77,77,2.048643786779473,4.8743310631626855,True,0,1
76,9.348336251940381,2.5172715225916233,0.2786035574824042,30,25,26,#1E191A,0.008921304492946343,58,58,2.5326420711763835,6.315609861939777,True,0,2
177,22.196432687553802,0.423194429157137,0.04756983802918269,54,53,53,#363535,0.007669814285949032,80,80,0.42585961813696044,6.413500943350925,True,0,3
121,26.07937455591927,3.9244480721279547,0.8307319126935473,68,60,61,#443C3D,0.004605128745810327,58,58,4.011409749900439,11.9520054766395,True,0,4
307,5.530617008564313,3.983142670188257,1.9293275202847884,25,16,15,#19100F,0.005986374129612591,49,49,4.425802775949544,25.84430354383528,True,0,5
429,32.424666313249766,5.606904133553958,3.147758763395685,87,73,72,#574948,0.003098171841774576,45,45,6.430066811114703,29.31018662924464,True,0,6
433,79.79906999120922,5.5694038005780655,3.2593304647472614,211,194,192,#D3C2C0,0.003225071907957814,41,41,6.45302206507331,30.33705483714283,True,0,7
354,71.28681908216666,6.204165514101677,3.780923926052504,189,171,168,#BDABA8,0.0028826008075517,46,46,7.265470078457746,31.358839929561213,True,0,8
104,48.01674517989781,4.0479204501265444,3.3034084752632706,123,112,109,#7B706D,0.004291454273082554,67,67,5.2247648296352915,39.21703984674741,True,0,9
344,12.6786208327729,0.8035189923980912,0.7489436527600857,34,32,32,#222020,0.012084918694105202,76,76,1.0984349621866847,42.98665076144806,True,0,10
2,3.9273390045531045,0.43259718077387266,0.4130404399192167,15,14,13,#0F0E0D,0.01943393472379325,102,102,0.5981159802430986,43.675178371482104,True,0,11
371,22.247083591805453,3.737144651119155,3.6509807041918356,61,51,48,#3D3330,0.005685227295451994,60,60,5.224548807865577,44.331818768571566,True,0,12
178,13.347703104423307,3.2644251061676446,3.3349264867714234,41,33,30,#29211E,0.00485920238854999,45,45,4.666712541602196,45.612071934818516,True,0,13
208,66.62387176578852,2.9923956954175717,3.5309714686047577,170,160,156,#AAA09C,0.004376549839203479,70,70,4.628411337603266,49.71969312735524,True,0,14
12,40.371873915285946,4.954551646228684,6.1339165396941855,107,92,85,#6B5C55,0.002534085714312696,51,51,7.884954922577633,51.071131138593444,True,0,15
382,9.983297168088647,2.4798356429734865,3.5647931531190844,33,26,23,#211A17,0.004847752512211764,39,39,4.342503314988536,55.17573248722425,True,0,16
46,85.49407563921348,2.603636291804687,3.982669025093424,222,212,206,#DED4CE,0.005856454088067381,46,46,4.758211271417134,56.82568629080197,True,0,17
193,75.27763807581933,0.5783520732703371,0.9928361340611458,187,185,184,#BBB9B8,0.004319848485540856,65,65,1.14900596593472,59.77812178113231,True,0,18
62,29.099808307018076,0.3677694013539963,0.7519897409046057,70,68,67,#464443,0.005178906855367239,69,69,0.8371038782600716,63.93851266464651,True,0,19
114,73.14579270186437,2.626130807982645,6.838713526505863,190,178,167,#BEB2A7,0.003795530370826659,53,53,7.325610262513959,68.99273733263811,True,0,20
68,89.48736524236799,2.236461636377176,6.078717776353296,234,223,213,#EADFD5,0.007998790081142638,55,55,6.477080395945416,69.80058966051337,True,0,21
112,17.697557488255946,0.8849925875175444,2.573580574695162,46,43,40,#2E2B28,0.0051782526315837605,50,50,2.721493864481285,71.02313620613165,True,0,22
419,53.53740271095576,1.4713606504073233,4.49207482165382,134,127,120,#867F78,0.003730129434324064,71,71,4.72690579204867,71.86400393238478,True,0,23
158,92.47219567744122,0.21790500995666218,0.7414069714393117,234,233,232,#EAE9E8,0.011661872008494915,79,79,0.7727657411292411,73.62154642679332,True,0,24
33,96.27876313550695,0.03709453047169564,0.1301944957171708,244,244,244,#F4F4F4,0.009904743497518008,59,59,0.13537581359298995,74.09688499554034,True,0,25
368,7.1362622680426995,0.7645288117398952,3.0344470003973205,25,21,17,#191511,0.0063776674778502586,47,47,3.129276737874219,75.8586522213522,True,0,26
362,40.334896732776485,0.3541182575781878,1.4808128623156256,97,95,93,#615F5D,0.003802354934109387,71,71,1.5225657534404244,76.55098843343922,True,0,27
278,35.009410058140766,0.7073741476201159,2.9676687592279722,86,82,78,#56524E,0.0037782767277813926,66,66,3.050809081083078,76.59313582418667,True,0,28
126,89.63871883292184,0.5384832674224311,2.7693555751986447,229,225,220,#E5E1DC,0.009142046986254036,70,70,2.821222169765748,78.99650976176747,True,0,29
265,81.81499270368269,0.572177849602018,5.734515520968122,209,203,193,#D1CBC1,0.004283920861852455,44,44,5.762990174536087,84.30200719685206,True,0,30
108,79.4097095996605,0.13257859691635332,2.337517250449493,199,196,192,#C7C4C0,0.005084569923038001,59,59,2.341274007994209,86.75379321824647,True,0,31
39,69.94361827530071,0.05128518927760961,1.0591738300669817,172,171,169,#ACABA9,0.006217870971770181,86,86,1.0604147174280445,87.22790380215201,True,0,32
435,61.541253876178104,0.010099044157686698,3.287570936125548,151,148,143,#97948F,0.004234421850981171,66,66,3.287586447646709,89.82399443281429,True,0,33
248,93.37738733812759,-0.0770709214675529,4.231506755803565,239,236,228,#EFECE4,0.00671514664786765,47,47,4.232208566617088,91.0434463607142,True,0,34
391,84.79018987849483,-0.1813162821959562,1.3070137225731182,212,212,209,#D4D4D1,0.005336997727615519,48,48,1.3195303957028817,97.89798462410624,True,0,35
8,23.193227983785746,-1.3757510646013689,6.124807610928473,57,56,46,#39382E,0.0027902377870430237,31,31,6.277416607382303,102.65962984200087,True,0,36
246,8.498297929539397,-0.2725176975146564,0.6864604920884445,25,25,24,#191918,0.014815881222188102,86,86,0.7385755903473924,111.652564420391,True,0,37
95,45.69335585750224,-1.1346487649375163,2.7476533123205917,108,109,104,#6C6D68,0.003493144774688399,59,59,2.972713666749718,112.43827282475957,True,0,38
173,13.43919297624759,-1.981993643652693,4.619279094725421,34,35,28,#22231C,0.0021265139381947047,19,19,5.026533413640755,113.22271495089802,True,0,39
401,65.14097814079285,-0.09241014630221489,0.1531582447153741,158,158,158,#9E9E9E,0.004760834490481376,76,76,0.17887728492989594,121.10526219995069,True,0,40
418,34.08572133335157,-5.494847952407973,-0.17764037001551758,70,83,80,#465350,0.0015949807696454715,23,23,5.497718628771515,181.85164357167855,True,0,41
406,18.28007627233801,-4.700581185719564,-1.1165883353002495,36,47,46,#242F2E,0.00220251677852349,21,21,4.8313800299779075,193.36252957758825,True,0,42
274,61.99109108583133,-4.038869223598036,-1.238850956401111,141,152,152,#8D9898,0.001863255033557047,26,26,4.224596583995133,197.05245922080528,True,0,43
447,80.01257335711082,-3.5397270702581682,-1.4273556007973753,190,201,201,#BEC9C9,0.0027260844229952488,26,26,3.8166754830671827,201.96120861773403,True,0,44
309,11.272576335403848,-5.658697621517362,-2.4957933586901295,19,32,33,#132021,0.0025659693535552636,19,19,6.18464576682028,203.8000875822879,True,0,45
390,90.29196123036694,-3.7189252172798195,-5.468745391604399,214,230,237,#D6E6ED,0.0020241748836347107,21,21,6.613439417573439,235.78302014170072,True,0,46
329,83.37679473684291,-3.0258786723408626,-6.253163029166343,196,210,219,#C4D2DB,0.003276558005752637,26,26,6.94679707556368,244.17786003131386,True,0,47
31,48.3907945295551,-0.464924042083263,-1.2524810884950317,113,115,117,#717375,0.004614590536212774,76,76,1.3359877401925284,249.63495101095378,True,0,48
236,11.282406999359182,-1.1037013163244698,-6.119532701942022,23,31,38,#171F26,0.004054540413588101,32,32,6.218266405180321,259.7762079866632,True,0,49
394,54.19055428482972,-0.10174124726242706,-5.31710776440379,125,130,139,#7D828B,0.002904670553420894,54,54,5.318081069302872,268.90379637961735,True,0,50
224,67.80123689561412,0.16936463777936162,-5.198030923346886,161,165,174,#A1A5AE,0.004065518390501728,65,65,5.200789349762266,271.8661772772773,True,0,51
157,39.557265075650044,0.28352382239324303,-4.173288771703072,90,93,100,#5A5D64,0.004268727741968133,65,65,4.182908668604589,273.88657377614607,True,0,52
100,59.41047385837405,0.6581996233504182,-6.5425708816648065,139,143,154,#8B8F9A,0.0028132908909218094,51,51,6.5755958274354755,275.7447755285164,True,0,53
79,16.670567318172626,0.5552693781927038,-3.7865947932511896,39,41,47,#27292F,0.006149218490934972,45,45,3.827090828636751,278.34244204698325,True,0,54
446,20.68423406833778,0.6362885808322005,-3.73270674350583,48,50,55,#303237,0.003955667437022316,37,37,3.7865502493841747,279.67382901668464,True,0,55
111,8.210324039373155,0.5830728605543234,-3.121073105015341,23,24,28,#17181C,0.01221342712148777,76,76,3.17507028072846,280.5819059913496,True,0,56
217,87.65439144129599,1.3313202979802865,-5.874171066920994,217,219,231,#D9DBE7,0.00449515415252537,37,37,6.023146973075291,282.7697723306609,True,0,57
364,10.362716946499944,0.1960421340427354,-0.8235238601995554,28,28,29,#1C1C1D,0.015303368040913251,85,85,0.8465365122887533,283.3901948936196,True,0,58
142,5.137314512960899,1.5282370425490006,-5.796089456129637,15,17,25,#0F1119,0.008561794575871742,56,56,5.994177294815034,284.7708353776171,True,0,59
424,14.039234102129562,1.815446098676201,-6.417823413913981,34,35,45,#22232D,0.004614670306130695,31,31,6.669655306639253,285.79491748852575,True,0,60
313,93.17660977635339,0.8302502933774178,-2.812959238482755,234,235,241,#EAEBF1,0.005472644704119951,42,42,2.9329260520883866,286.4440659137675,True,0,61
47,24.530729363942925,1.639735443816745,-5.344429222549039,57,58,66,#393A42,0.005230291209409727,57,57,5.59031806255646,287.0566460240665,True,0,62
273,82.37994207523366,1.8931425013966887,-5.598502879530727,204,204,215,#CCCCD7,0.003096775828734534,37,37,5.909925805177959,288.68304647523405,True,0,63
381,27.830273074863662,1.0872854594766324,-3.1451929765674485,65,65,70,#414146,0.005961149837692561,76,76,3.3278263972506914,289.07014152880896,True,0,64
300,31.82562765712316,2.0905008985988127,-5.128381463671813,74,74,83,#4A4A53,0.004822181277668026,64,64,5.538094477703959,292.1774628251303,True,0,65
322,18.556971433257605,3.043317679573052,-6.976800651845158,45,44,55,#2D2C37,0.0052999868782101014,46,46,7.611670633598706,293.56708665342427,True,0,66
45,9.327661856654942,3.1642835045462983,-6.8781724114782055,26,25,35,#1A1923,0.006877058992763319,49,49,7.57112579602028,294.70465912070483,True,0,67
128,3.2380724108623653,0.8882192829792457,-1.827944953711342,12,11,15,#0C0B0F,0.014608688307246582,81,81,2.0323179496463943,295.9156450691395,True,0,68
65,12.458123641057327,1.450488537108754,-2.852162066243229,33,32,36,#212024,0.007940246145506017,51,51,3.1998039703082966,296.9559559661577,True,0,69
21,75.26010670471693,1.9601626857690384,-3.5372176233145125,186,184,192,#BAB8C0,0.005188949468296236,71,71,4.044025997612782,298.99319626178783,True,0,70
4,87.59752967491718,0.43374857839942127,-0.7815084870941171,220,219,221,#DCDBDD,0.008199976525342361,72,72,0.8938083377680334,299.0309118544377,True,0,71
36,35.50322996520099,1.0389317960781739,-1.4650366195840738,84,83,86,#545356,0.005006279360697433,80,80,1.7960266071594126,305.34238777875754,True,0,72
257,35.08189662433355,4.8362809750471785,-5.56079919314417,86,80,91,#56505B,0.003288682397595521,41,41,7.3696744389474995,311.01380030564144,True,0,73
184,6.212375431320382,0.6542121643498833,-0.6059728741432955,20,19,21,#141315,0.025408355367086424,138,138,0.8917380109543638,317.1921851407194,True,0,74
330,81.92008951320403,1.101489544729711,-0.9716664195164615,205,203,205,#CDCBCD,0.0074407845700329425,69,69,1.4688140957809488,318.5832408405172,True,0,75
231,49.503966052913206,5.992878065460284,-5.225376217770107,124,115,127,#7C737F,0.0026239454731524447,36,36,7.9510467313877875,318.9138173649374,True,0,76
20,14.645347762405049,1.2036228762700523,-0.9021629171918386,38,36,38,#262426,0.01009280093183666,70,70,1.5041961166804951,323.1469914358698,True,0,77
161,57.91867649745567,0.6610352307425513,-0.4338931261123302,140,139,140,#8C8B8C,0.004426529494114366,73,73,0.7907153856922151,326.719735126729,True,0,78
434,17.336671156242513,1.0214879572385174,-0.5687306323614796,44,42,43,#2C2A2B,0.007469801957907334,59,59,1.1691416419620027,330.89238952013477,True,0,79
443,6.913688919579073,4.4899594348288705,-2.0244055504262577,26,19,24,#1A1318,0.004375753448749811,36,36,4.925236396256065,335.7306290887232,True,0,80
199,20.189000139208687,6.149537390700547,-2.2299038972174423,56,46,52,#382E34,0.004220824243223599,47,47,6.541351657757717,340.0686831322361,True,0,81
374,12.121448453918248,5.773424569949014,-2.0279807251934963,38,29,35,#261D23,0.0031388088309858508,27,27,6.119243179237714,340.6455976377634,True,0,82
320,89.12320271513883,3.7550070025867606,-1.199655468955004,230,222,226,#E6DEE2,0.0037722170144602867,32,32,3.9419856460506373,342.28227802129186,True,0,83
219,43.82321964079446,4.057107068864736,-1.2123956475631572,110,101,106,#6E656A,0.0037653891968428142,61,61,4.234385548631855,343.3621424455307,True,0,84
250,74.00270683188204,7.213800477862878,-1.3112368597512858,194,178,185,#C2B2B9,0.0021490006112999727,28,28,7.3320024165834194,349.6979461779224,True,0,85
298,64.10403952720364,4.476554889693753,-0.7068022636856841,163,153,157,#A3999D,0.0033504181958942656,60,60,4.532009832336229,351.02765052072834,True,0,86
30,58.389397068169885,6.61541529519977,-0.9758087305471395,152,137,142,#98898E,0.0025764652509462187,43,43,6.686996501163664,351.60907652445417,True,0,87
210,39.55680948313774,8.801377352469725,0.16207115786602255,108,88,93,#6C585D,0.0017637593193854237,34,34,8.802869439039695,1.054942150976899,False,1,88
363,58.535563535696255,12.776694237131334,0.24037959492447314,163,133,141,#A3858D,0.0013818791946308723,28,28,12.778955277283082,1.0778305675504498,False,1,89
150,23.798985267150467,28.109526399008256,1.0148360466444768,94,37,56,#5E2538,0.0015630233403099764,16,16,28.127839706918678,2.067647048028107,False,1,90
440,67.58737844354286,42.43352832162364,2.0838057880062233,236,134,162,#EC86A2,0.00048046606608085306,5,5,42.48466279004888,2.8113957537238434,False,1,91
102,10.408422246706088,18.69507528301168,1.1330777961106573,51,17,27,#33111B,0.0011435785105973091,15,15,18.72938079941548,3.468360348671922,False,1,92
194,52.16438350261959,73.44515322741748,4.614885892504453,233,43,120,#E92B78,0.0005809204218600192,5,5,73.5899973121325,3.595422053268976,False,1,93
385,47.01021434760714,61.93897317524885,5.502389378150879,202,51,105,#CA3369,0.0007931370556254648,9,9,62.18289706079143,5.076581794836557,False,1,94
153,35.205102164748425,53.66442768965933,6.725939910594919,158,29,74,#9E1D4A,0.0006165918802935729,9,9,54.084277446773825,7.143818565649951,False,1,95
117,47.910954305715556,13.540016664905316,1.8038615846318942,137,106,111,#896A6F,0.0016655800575263663,35,35,13.659647429652948,7.588514991103921,False,1,96
399,21.98131465443688,36.26234651902786,4.939489994073588,100,22,47,#64162F,0.0012913798217317387,14,14,36.59721760554489,7.7568275203493045,False,1,97
97,29.22552608481103,46.985072473911316,6.622100851240418,133,24,61,#85183D,0.0004061056896017837,5,5,47.44943893306535,8.022455847702929,False,1,98
431,46.774352956728016,36.82081405225536,5.255387486198513,169,84,104,#A95468,0.0006249858505115957,16,16,37.19397054766885,8.122891035013424,False,1,99
99,30.62880654962488,12.189294750190895,1.7679329674637436,92,65,70,#5C4146,0.0023654362416107386,40,40,12.316837803774005,8.252621066985228,False,1,100
325,74.48689762037162,15.991988497565393,2.5813880526556265,214,173,179,#D6ADB3,0.0012789966335653268,27,27,16.198989486528383,9.169453240758287,False,1,101
256,36.60972188829062,37.098668747531505,6.1095037484215435,141,59,78,#8D3B4E,0.001074852574676032,19,19,37.59836776897433,9.3516782755936,False,1,102
69,44.476541360524116,63.868244176507005,13.830270080857062,199,37,86,#C72556,0.0009374640460210929,8,8,65.3485193764891,12.218396525812864,False,1,103
58,79.14901736162838,23.449272486810642,5.128421748855326,242,180,187,#F2B4BB,0.0015479626078619367,19,19,24.00352244556675,12.336506852177422,False,1,104
138,55.48820447545678,44.67165015980314,9.840245540031184,207,99,118,#CF6376,0.0003525407478427612,6,6,45.74261427037094,12.422688557533661,False,1,105
181,61.273391231686595,24.23439046481663,5.411170492901409,192,132,139,#C0848B,0.0008826725559042301,20,20,24.831158799066188,12.586809655900595,False,1,106
15,43.028939762230046,48.28163499739409,11.487323914897694,175,61,85,#AF3D55,0.0006600423333516695,11,11,49.6293752604984,13.383172309191025,False,1,107
72,18.33094547673896,30.862217913304576,7.632823077840111,85,21,35,#551523,0.0016817825227416457,17,17,31.792082075037275,13.891596268471801,False,1,108
183,59.94878615152054,56.96833676779857,14.850032843766794,239,96,121,#EF6079,0.0008594199424736337,11,11,58.872021109778984,14.610258653908943,False,1,109
53,39.15638696993742,23.468517099257404,6.575676541798506,131,77,82,#834D52,0.0009727468839884947,23,23,24.372337122658063,15.652414830522844,False,1,110
293,27.51177087387722,26.831955024412117,7.855706937366799,105,47,54,#692F36,0.00209394541169109,24,24,27.958289323881523,16.318674690077387,False,1,111
407,60.63477330076338,34.973029746800194,10.673149284112768,209,121,129,#D17981,0.00094573450362925,20,20,36.565406128081335,16.971260910297076,False,1,112
350,49.29313798754666,66.99343707745894,20.81372262309124,220,46,86,#DC2E56,0.001002134027601041,11,11,70.15220353547299,17.25913181875427,False,1,113
334,22.563121189088108,39.96140445587098,12.44356559229473,108,16,37,#6C1025,0.001078630698231786,15,15,41.85398631833587,17.296045140929778,False,1,114
301,12.249395878650006,25.987209611756818,8.26606800800523,65,12,22,#410C16,0.0014977282468194777,17,17,27.27018415263002,17.64493949631901,False,1,115
353,29.444871291885562,48.425983505942995,16.32281382308523,137,19,47,#89132F,0.0009275647171620326,12,12,51.10293660467043,18.627277338510908,False,1,116
151,37.011628266635334,55.55251444555201,19.038619585829366,168,29,60,#A81D3C,0.0013571668264621283,17,17,58.724363742463744,18.917300819144145,False,1,117
284,64.74074660872955,44.90202952233023,15.76573606638454,237,122,131,#ED7A83,0.0008168504314477469,12,11,47.5893968120958,19.346893905590377,False,1,118
211,15.799007024299023,9.350051322404397,3.3573574001437474,54,34,35,#362223,0.003868661528396053,44,44,9.934551245219696,19.751877861746493,False,1,119
383,55.141013576743305,69.5887302409397,25.74021704705913,243,60,92,#F33C5C,0.0005119846596356663,5,5,74.1966990517502,20.298960038926964,False,1,120
427,48.272138816287836,40.43144013977975,15.169712557632247,182,84,91,#B6545B,0.0005543144774688399,12,12,43.18357941229257,20.565887485347048,False,1,121
205,46.396142873764305,48.997588107483054,19.30059265842495,189,69,80,#BD4550,0.000850647171620326,12,12,52.661907649809,21.499928555794554,False,1,122
198,7.464198736892975,14.627100495761578,5.804056455627428,42,14,13,#2A0E0D,0.0017188666756796404,27,27,15.736554268746987,21.643255731344027,False,1,123
40,23.03394319476883,32.09149080090192,14.302253840985514,101,30,35,#651E23,0.0018157448554985904,28,28,35.13428876121385,24.02115720857813,False,1,124
294,32.73580347744897,39.55163572107116,17.71113475204729,137,45,51,#892D33,0.0013732206875606767,29,29,43.336084068792935,24.122729331359153,False,1,125
186,19.731100905692962,18.13900965481323,8.131345612050389,75,37,37,#4B2525,0.0018359990576690265,25,25,19.878190378402625,24.145714031016553,False,1,126
90,47.40987161665509,28.569636324220127,12.897464711363854,163,93,92,#A35D5C,0.0014248985701998276,21,21,31.34595214184878,24.29630048246088,False,1,127
222,37.52624032015532,33.62113537808078,15.877529006329105,143,64,64,#8F4040,0.0010392377756471716,25,25,37.18167117624028,25.27895087465447,False,1,128
417,40.3379712756306,52.05813273745642,24.634059278507593,175,47,58,#AF2F3A,0.0014430572427201757,20,20,57.59241322125387,25.32364831022005,False,1,129
5,49.72334521003763,68.59878245301093,33.24853860274182,226,42,66,#E22A42,0.001303562185675283,12,12,76.23160941009662,25.85859479261478,False,1,130
290,24.399640916130224,39.31670062598553,19.152593284867354,113,23,31,#71171F,0.002016624280449331,23,23,43.73356580075443,25.972395555612195,False,1,131
238,54.690213439187524,60.23663694277463,29.797899995025702,231,75,83,#E74B53,0.001458977335753,19,19,67.20392305728285,26.320712697395038,False,1,132
409,10.920010012315352,7.532688448295466,3.7838914961854777,41,25,24,#291918,0.0023736288335549282,28,28,8.429663701120509,26.671727303393766,False,1,133
319,31.84584351021385,47.51494743951891,24.17574794875214,145,29,40,#911D28,0.0015874099491290823,20,20,53.311696831575695,26.967128696704833,False,1,134
14,67.08547640578112,26.365341548736968,13.892456848687681,216,145,140,#D8918C,0.0009557764240140743,16,16,29.80153674350041,27.785695944431723,False,1,135
19,14.07275073105119,21.500264436964933,11.468946430866943,66,21,21,#421515,0.0009194021548215833,17,17,24.367972896683767,28.07692406186777,False,1,136
163,42.88199820663832,60.17922802610053,32.562002409813125,194,38,51,#C22633,0.0021721598341755076,25,25,68.42385173865966,28.417100024916067,False,1,137
145,83.78477869479414,13.613678158121376,7.428039436152208,240,200,196,#F0C8C4,0.0016744007670182167,13,13,15.508320439620256,28.61823346535334,False,1,138
165,15.954639504458097,29.69862374030159,16.719510579075422,80,15,17,#500F11,0.001489165867689358,24,24,34.081524116034196,29.37831777873481,False,1,139
54,57.98183214251157,48.55564028243585,28.38676290132236,226,100,93,#E2645D,0.0007364657243572797,12,12,56.244630954902696,30.311554957990836,False,1,140
444,87.32051154371756,7.233625772967688,4.281324366014663,236,214,211,#ECD6D3,0.0020913402828783016,23,23,8.405657627477652,30.61977220226919,False,1,141
365,53.25516270833801,66.38609231771542,39.49436297344326,236,59,64,#EC3B40,0.0014646554686484953,14,14,77.24582810672898,30.749227665935337,False,1,142
67,25.738767450088286,43.37648042283194,26.340993383861765,122,18,24,#7A1218,0.001670383774403404,26,26,50.748073720299686,31.268820659613937,False,1,143
221,44.22439809319973,17.007854380110714,10.393155700736697,137,94,88,#895E58,0.0012225551294343243,25,25,19.932004315542553,31.428258052690353,False,1,144
91,52.21026282731761,76.32597751780257,46.761817906053565,245,24,49,#F51831,0.0007472775442297324,5,5,89.51157722846256,31.494104995659313,False,1,145
23,36.13155118279225,54.67074633672989,33.60794323948367,167,26,34,#A71A22,0.0018668211736819996,28,28,64.17463949102807,31.580438444489744,False,1,146
247,20.23767791002929,37.13383163706753,23.10479333018933,100,14,17,#640E11,0.0007657259845549887,14,14,43.735030889217846,31.89001105242147,False,1,147
316,48.7138915180525,49.93645037637257,31.572506626722515,200,73,65,#C84941,0.0014547503474922306,17,17,59.080218778254,32.30327330692597,False,1,148
3,29.535522871940696,27.18119768726341,17.353086249742287,113,51,44,#71332C,0.0011406812682916666,22,22,32.2482109597585,32.55507386545156,False,1,149
37,45.3821172116074,65.65957649911095,42.07390524836775,210,31,41,#D21F29,0.0025511586165613462,29,29,77.98328980551686,32.65128392469603,False,1,150
203,65.3301728231865,12.392916890788545,8.063640564831694,186,151,145,#BA9791,0.002308964525407479,34,34,14.785353841582257,33.050655145059125,False,1,151
160,59.68968966109307,34.640530490052015,22.711067108378387,210,118,106,#D2766A,0.000827468839884947,17,17,41.42172041131911,33.24969938614106,False,1,152
384,49.15481619485245,36.29110564365378,24.64051572133068,182,90,77,#B65A4D,0.0006544103547459251,13,13,43.86569689235523,34.17526732917969,False,1,153
422,41.024870318277735,59.29555530557802,40.87182126333528,188,32,33,#BC2021,0.0018078248082186844,22,22,72.01714137883347,34.57809939793498,False,1,154
379,35.995461803882655,11.122627146620896,7.709423950945581,106,78,73,#6A4E49,0.0020031202411623606,36,36,13.53322032253083,34.726981795565166,False,1,155
206,54.62926502273134,52.99136161008459,36.87868705240592,223,85,70,#DF5546,0.0008908957949644707,13,12,64.56099413732753,34.83551260254103,False,1,156
125,30.703512723875065,46.5853276994917,32.53627672561728,141,27,24,#8D1B18,0.0019559685076363255,27,27,56.82254886957266,34.93134427154848,False,1,157
295,47.35384713689694,70.29076233446969,50.307765715056355,222,23,30,#DE171E,0.0015737966601378568,13,13,86.43877926487568,35.59165821900689,False,1,158
357,51.96746850084676,74.21961070108378,55.1739488355692,243,31,32,#F31F20,0.0008458053691275168,6,6,92.4808912301911,36.626660242352955,False,1,159
252,55.134454487451436,57.669854019044344,43.35681569133938,231,79,60,#E74F3C,0.0006272531160115053,5,5,72.1500209942496,36.93623856355583,False,1,160
86,55.98965019134738,13.991012591617515,10.521040967920273,164,125,117,#A47D75,0.0021583413231064234,41,41,17.505448762812584,36.94264137425506,False,1,161
439,29.225190399319796,17.101869129823136,12.89380955422354,99,58,50,#633A32,0.0012128715244487055,21,21,21.417848924534503,37.014157929078806,False,1,162
242,31.87551243627432,53.92324979056702,41.020147203585246,154,8,11,#9A080B,0.0005979410408565584,9,9,67.7522644977988,37.26074029889941,False,1,163
149,55.204760737922115,64.56204753319118,49.16231913455248,241,68,50,#F14432,0.0010464236691731397,8,8,81.14919349177552,37.28832836743845,False,1,164
297,78.17982561577169,18.903094318849714,14.451995079605224,237,180,168,#EDB4A8,0.0015265819750719081,18,18,23.794687150880172,37.39902094291148,False,1,165
230,43.206260354180735,65.00667293845774,50.232216688902724,203,22,20,#CB1614,0.001066444788142183,10,10,82.15316865470554,37.69412325104821,False,1,166
83,25.634078755640616,9.737124946148857,7.72332228725179,79,55,49,#4F3731,0.0018593739999616576,34,34,12.428246431805036,38.420854359740304,False,1,167
413,29.830630888442116,34.8446005128304,27.647891541066468,125,43,29,#7D2B1D,0.0009128689554491965,20,20,44.48091828599445,38.430689510002765,False,1,168
57,55.129907822930065,19.669827743222086,15.663050295549237,173,119,106,#AD776A,0.0010313183779493708,26,26,25.14424920352434,38.5302500962203,False,1,169
105,37.52903260274092,57.884714162674875,47.13905904150698,176,21,11,#B0150B,0.0013243505618353438,12,12,74.65072686192181,39.158030943021345,False,1,170
241,56.30628977358474,6.872374839185851,5.6123523995018925,151,131,126,#97837E,0.0029620366667061143,55,55,8.872882022571325,39.23693172324147,False,1,171
318,65.97648156704707,39.7006009012436,32.991409458105,240,130,103,#F08267,0.00045639082648092405,8,8,51.61948091517546,39.72676075748359,False,1,172
60,75.67056187987126,9.716342154662609,8.099428329023443,210,180,172,#D2B4AC,0.0021216203259827424,32,32,12.649428608576006,39.814188611483814,False,1,173
311,39.74019061083035,21.68384269857993,18.581710244688143,135,79,64,#874F40,0.0009436811733410198,17,17,28.55641766388611,40.59452987503721,False,1,174
332,55.59642638106189,25.824678329233087,22.14935386284365,186,115,96,#BA7360,0.00120934803451582,15,15,34.02216758746903,40.61908733665808,False,1,175
144,40.7177854592209,39.26189890894287,33.67435114990143,163,65,43,#A3412B,0.0008509769619527932,14,14,51.724835730071845,40.619204355385705,False,1,176
154,70.08783796433235,29.608051147776518,25.53919746095638,235,150,127,#EB967F,0.0006548178331735378,8,8,39.10098847496149,40.78027014619278,False,1,177
249,21.789906627275325,18.34655102227893,16.252721855781324,83,40,29,#53281D,0.00151704794897054,23,23,24.510138762040413,41.53687968982547,False,1,178
425,54.24623270949174,65.05406236146362,59.481577483704434,240,64,25,#F04019,0.00043175749734302473,3,3,88.14810882644694,42.43794602051463,False,1,179
338,14.33336540793649,12.964323836170514,12.011022295387416,57,29,20,#391D14,0.001718818681318682,28,28,17.673096760596106,42.81409827431315,False,1,180
135,42.944441722063694,25.25376439246134,24.231456446383614,150,84,63,#96543F,0.0011384947267497603,18,18,34.99880137237466,43.816503211968666,False,1,181
275,43.56241060788369,48.18882257531014,46.430497692127254,184,61,25,#B83D19,0.0006610920787022424,9,9,66.91751442734073,43.93538655623445,False,1,182
229,71.43715912009921,14.567847432303886,14.109210551875888,210,165,150,#D2A596,0.001228523489932886,19,19,20.280335332731774,44.08373733923656,False,1,183
361,51.470446111760076,41.19755537095928,40.63962459897401,199,90,55,#C75A37,0.0009822128085478171,11,11,57.86896971684211,44.609388015912316,False,1,184
93,55.239700383832506,51.49568718612153,52.555170484058,225,88,41,#E15829,0.0004527085330776606,6,6,73.57888109627166,45.5833860958889,False,1,185
127,71.17247964657977,20.738899738851124,22.680682697207885,224,159,134,#E09F86,0.0011655081495685522,13,13,30.73296812853494,47.56063923749218,False,1,186
59,19.357079313462034,8.35206891032762,9.242736641125353,63,42,34,#3F2A22,0.0030441526013044286,42,42,12.457336621447716,47.897899576139935,False,1,187
349,24.056489449999923,21.41039415430633,24.1331713811515,93,43,21,#5D2B15,0.0011593143852791504,20,20,32.261663607985014,48.42129959200628,False,1,188
367,64.15625062541375,44.3517147985529,50.85728626902689,244,119,65,#F47741,0.00043825699183476524,5,5,67.47990939695998,48.90890888039138,False,1,189
103,44.2540164832807,9.239899560222057,11.24686756276448,126,99,86,#7E6356,0.003150423628329844,53,53,14.55567840594713,50.59507729617104,False,1,190
260,45.887233820326315,26.47631420564267,33.73720674801006,162,90,53,#A25A35,0.000842616894642958,11,11,42.88582904729593,51.8758556620748,False,1,191
306,61.61608782819209,50.58177982825359,64.70746095730148,246,106,26,#F66A1A,0.0003139980824544583,3,3,82.13143097581228,51.98528350517768,False,1,192
78,32.473708485246036,18.203328428891528,23.307086257273223,112,64,40,#704028,0.0016334000560412252,26,26,29.57332304111367,52.00940916368302,False,1,193
176,35.68151618965463,23.79060932263733,32.43776628500638,129,67,32,#814320,0.0008748322147651006,16,16,40.22687874423089,53.74281525993024,False,1,194
188,33.53040953386207,11.144738043650019,15.251382666649885,103,72,55,#674837,0.0021018515164123353,36,36,18.88941130120705,53.84304673810743,False,1,195
397,37.21539560849766,30.685368596408622,42.436904581994405,144,65,16,#904110,0.00038094439117929054,5,5,52.36871887299477,54.129979476040205,False,1,196
27,64.22952835966285,21.807532508586778,32.44676860936254,209,140,99,#D18C63,0.0011209012464046023,18,18,39.094261309079414,56.09488014808403,False,1,197
312,83.80041225193958,7.786132778429085,11.73990231461496,233,203,187,#E9CBBB,0.0028463331050960347,29,29,14.087198798910645,56.44688433194739,False,1,198
200,57.5100977456513,18.315484707714894,28.64620247804712,183,125,89,#B77D59,0.0013219579941661991,21,21,34.00091023034253,57.40642538486054,False,1,199
321,66.76378737509785,13.668557476034323,21.415357095024007,199,153,125,#C7997D,0.0013971406046875924,24,24,25.405648643225955,57.451554165986806,False,1,200
18,46.88480067313216,14.513297617309238,23.631835550890226,146,101,72,#926548,0.0019016299137104506,32,32,27.73264248557849,58.444175896650904,False,1,201
74,45.361864103710246,23.875434482045925,39.85411763688726,158,90,40,#9E5A28,0.0007018456375838926,9,9,46.45844448882588,59.07540988067626,False,1,202
304,61.12860783668235,8.52281933009326,14.45345339213825,172,142,123,#AC8E7B,0.002000143815915628,30,30,16.779176508164042,59.47327116150507,False,1,203
38,50.74969848393899,33.563125353112326,57.91002153537217,189,95,7,#BD5F07,0.0004041466922339406,3,3,66.93320534455226,59.90454715737394,False,1,204
175,24.04968576705104,9.981492668914388,17.585142713151484,79,51,31,#4F331F,0.001993654855315989,34,34,20.220470818986794,60.420347608059956,False,1,205
6,62.3475652432902,3.964992039699609,7.057666142370447,163,148,138,#A3948A,0.00389525330248635,72,72,8.095172218800748,60.67275225682516,False,1,206
70,68.92735734484046,36.4325219177219,67.07525325604675,252,139,38,#FC8B26,0.0003239693192713327,4,4,76.33097832890718,61.491008265121536,False,1,207
398,62.550826028082604,27.10019911035931,51.10336222274704,216,131,59,#D8833B,0.0008003529539697175,13,13,57.84439836570529,62.06291732232381,False,1,208
94,17.4994933164725,3.9337120859542325,7.941900483440584,53,41,32,#352920,0.003999404680432801,52,52,8.862723851280496,63.650271412811094,False,1,209
333,52.01906486150476,5.279832893309038,10.668209038907733,140,120,106,#8C786A,0.0028729785766211267,51,51,11.90324827427794,63.66860441108031,False,1,210
287,52.26228419785158,18.805870793236778,39.2251714806594,171,111,57,#AB6F39,0.0010263991770249382,15,15,43.500285676982074,64.38536875905356,False,1,211
234,11.336972381835956,4.1381885430054375,8.63712383101044,40,28,18,#281C12,0.0018911792905081494,26,26,9.577291500715113,64.40015009720173,False,1,212
340,75.8644773962521,13.896530086948237,29.380527242858342,229,176,134,#E5B086,0.0012564984865584094,15,15,32.50121427771275,64.68658270271948,False,1,213
305,28.18072920834707,3.5741211133148862,7.7537119765529,77,64,55,#4D4037,0.0030482807311353706,48,48,8.537821217850787,65.25237113102412,False,1,214
134,57.855517578027516,9.230990956467423,20.617607189103442,167,132,104,#A78468,0.0022510306807286677,34,34,22.58975254938737,65.88080735365179,False,1,215
167,78.65338189047995,3.5427330290290824,8.150362694843595,208,192,180,#D0C0B4,0.0037448132641941757,40,40,8.887033778065195,66.50677283470384,False,1,216
55,68.30774028929198,5.960955489114687,13.76757980286093,187,162,142,#BBA28E,0.0031498553609995454,46,46,15.0026412331746,66.58881326601312,False,1,217
323,41.05193964063074,7.793532875267056,18.00428604975578,119,91,68,#775B44,0.002031242846436943,35,35,19.618702068161873,66.59361404861465,False,1,218
137,33.53543172103643,3.5118367400854504,8.395724109050777,90,77,66,#5A4D42,0.0029123437097144577,52,52,9.100614298183967,67.30099163290356,False,1,219
272,40.62671915563456,15.275140186619595,38.49061299349481,134,85,31,#86551F,0.000677926605529936,13,13,41.41083428688526,68.35416640718006,False,1,220
180,49.76843379789523,7.032991827523052,17.734126215735923,141,113,89,#8D7159,0.003070397890699903,44,44,19.077793548564735,68.36773542128981,False,1,221
34,74.72536368140312,7.779647889999947,19.619903943422592,211,178,148,#D3B294,0.0028982270911511758,32,32,21.106007487004977,68.37077575810565,False,1,222
253,44.238045235147354,3.60080310204348,9.640535325569337,117,102,89,#756659,0.002755466747954163,46,46,10.291049720180942,69.51901038014131,False,1,223
107,59.10020736874887,16.433766897747823,50.68326297040081,191,130,50,#BF8232,0.0007944070500249335,17,17,53.28097070977887,72.03500107751313,False,1,224
245,74.84494246836955,4.633463361223286,14.760968753402803,203,180,157,#CBB49D,0.0031472375879634702,39,39,15.471107951880256,72.57294362711707,False,1,225
131,81.91525205038909,5.972740147093713,19.19665629268748,229,199,168,#E5C7A8,0.0015846836049856184,21,21,20.104358673787203,72.71728501030861,False,1,226
174,66.75133576220964,20.38037204993124,65.72035372661323,222,146,32,#DE9220,0.0009015483017742222,11,11,68.80788079024657,72.77094671933463,False,1,227
169,63.099184768913084,11.403011057388333,37.4864841740238,192,144,86,#C09056,0.0005927372962607862,13,13,39.18245981181194,73.08076705314681,False,1,228
423,66.52961997340533,7.8295076605078195,28.028659581741223,192,155,112,#C09B70,0.0014112655800575264,22,22,29.101665728186155,74.39285992069506,False,1,229
437,35.835299830306624,3.7176637995407735,13.57441142602235,98,82,63,#62523F,0.0019259679717579794,33,33,14.074291090116834,74.68380227685009,False,1,230
220,75.95116557180936,11.828924869825254,44.40007167445697,232,177,105,#E8B169,0.0006755273250239693,12,12,45.94877395832109,75.08194967371662,False,1,231
32,87.7143536682593,3.2185366993187374,12.155906248811108,236,217,197,#ECD9C5,0.0033264381591562807,25,25,12.574777740172847,75.17001032056908,False,1,232
225,23.586358147686326,3.531005211064051,13.499771921606122,68,54,36,#443624,0.0027181032108405073,37,37,13.95391843662369,75.34207450102014,False,1,233
345,51.86730385101436,7.0717513167722705,27.87233911690004,150,118,76,#96764C,0.0010149328859060402,18,18,28.75546825446851,75.7633660002856,False,1,234
118,70.30682251011075,5.390172439403086,23.07992841694065,197,167,130,#C5A782,0.001737967401725791,22,22,23.700992693505587,76.85454612508522,False,1,235
197,79.10636473670638,5.927596433782609,28.08148365426964,225,191,144,#E1BF90,0.0012417132979326445,15,15,28.70028089944078,78.08066154800139,False,1,236
43,30.86290567569194,4.105037438432474,19.550942914294705,89,70,42,#59462A,0.0012802492809204217,22,22,19.977254596388928,78.14207499535695,False,1,237
123,39.81569440128596,5.0435229028252895,25.10016493845586,114,90,53,#725A35,0.0010556171460547135,17,17,25.601863276117463,78.6385190422667,False,1,238
410,89.51438976311658,3.834067516862042,19.200638855418887,247,221,189,#F7DDBD,0.0013130872483221477,15,15,19.579698827614234,78.70745717453292,False,1,239
324,65.15235700240108,3.3872109058780193,17.532769780440116,176,155,127,#B09B7F,0.0018750719079578143,24,24,17.856965416744615,79.06555767473128,False,1,240
415,80.47904276774175,2.4945708098391224,13.179533459374051,214,197,175,#D6C5AF,0.0032923838911061622,39,39,13.413537405623527,79.28206901496088,False,1,241
119,60.31286254237544,2.5847104551243607,13.817134623816454,160,143,121,#A08F79,0.0023006711409395975,38,38,14.056811066152118,79.40439109959544,False,1,242
259,68.49400779691261,1.3187654687106143,8.076271874155731,176,166,153,#B0A699,0.004309148678263797,66,66,8.183233453027137,80.72608206104815,False,1,243
317,85.1637118572971,1.3011781365865902,8.365071131810366,222,211,197,#DED3C5,0.005885419573558283,52,52,8.465664745510425,81.15855426435678,False,1,244
9,75.54855123323263,7.895302454448238,60.832052185510854,230,178,69,#E6B245,0.0009300095877277084,13,13,61.342272324620744,82.60500333150821,False,1,245
348,67.47393791255935,5.366540480047677,52.16739468802661,200,159,67,#C89F43,0.001108339876828666,16,16,52.44270040015424,84.12655518783754,False,1,246
261,77.21304270018906,7.694150836099436,75.04745835699529,238,183,31,#EEB71F,0.0005107435228515151,7,7,75.44084412924866,84.14627138258197,False,1,247
223,61.73033292030543,5.79806627633851,59.46965579841177,185,143,33,#B98F21,0.0005471236816874401,10,10,59.75163205575547,84.43147781257579,False,1,248
271,42.16201400624385,3.573623170938478,38.79672741290475,122,96,32,#7A6020,0.0008284036433365291,15,15,38.960965600445576,84.73725258462485,False,1,249
352,57.65385901468225,3.2620163920987606,39.90161321791214,165,135,67,#A58743,0.0011740891658676893,15,15,40.03472852829381,85.32637782891248,False,1,250
411,93.1202525696004,0.7056329396693952,9.609354007363548,245,234,217,#F5EAD9,0.0033838563240885045,22,22,9.635227152713128,85.8002010907893,False,1,251
115,52.28335817860032,2.36674633563924,46.12434649230503,150,121,41,#967929,0.0005739693192713327,11,11,46.185028175367314,87.06259793971981,False,1,252
279,79.47778568402919,1.83293032551353,49.10538841959406,228,193,104,#E4C168,0.0010730784794926842,12,12,49.13958491295372,87.86234377248968,False,1,253
48,67.68819675354875,0.48400503491448355,40.598019071564885,189,162,91,#BDA25B,0.0007259827420901245,14,14,40.60090409595541,89.31695849518394,False,1,254
420,46.87860632296339,0.0844623784219305,16.66407842504184,122,110,83,#7A6E53,0.0016582214765100674,24,24,16.664292473708976,89.70959711977076,False,1,255
141,84.90008464428263,0.2485834502298907,83.57884485787207,251,208,20,#FBD014,9.40556088207095e-05,2,2,83.57921453033629,89.82958916719014,False,1,256
442,76.01258605429835,-0.3943989815558906,22.240705196702574,202,186,147,#CABA93,0.0011147171767422143,20,20,22.24420190079395,91.01593131269289,False,1,257
87,56.44166592295032,-0.40328569057415287,9.107915831680733,141,135,120,#8D8778,0.0028152444870565676,48,48,9.116839921003463,92.53532040806527,False,1,258
52,87.34307226108143,-2.0934753843555463,44.354820050560605,243,218,134,#F3DA86,0.000736385426653883,10,10,44.404196883881546,92.70226222160181,False,1,259
92,80.21694723438287,-5.283245425178544,62.61759371907156,223,199,75,#DFC74B,0.001317473633748801,13,13,62.84008056479065,94.82280444180151,False,1,260
143,79.03001756258146,-3.2237284070418024,37.51789026118965,214,195,125,#D6C37D,0.001676718390544746,19,19,37.65613515076975,94.91108281340718,False,1,261
244,87.04509242260974,-2.56448454491891,24.943960465386432,231,218,171,#E7DAAB,0.0011291466922339405,12,12,25.07544106650747,95.86994629752087,False,1,262
393,69.81918966490474,-1.9055172359789214,15.579068326781707,179,171,142,#B3AB8E,0.0011472435282837965,17,17,15.695170144574595,96.97336193612148,False,1,263
441,85.91146946957738,-6.860122017908536,54.03133015850421,235,216,110,#EBD86E,0.0007618561552330859,8,8,54.465088935921884,97.2358791933699,False,1,264
50,60.78210637339148,-3.1210697901346816,23.00778394607783,156,147,106,#9C936A,0.0008306088207094918,15,15,23.218509830397988,97.72517652656597,False,1,265
267,88.4706183458696,-10.753066461084163,77.67726322930653,243,225,57,#F3E139,0.00037972195589645256,4,3,78.41801872727639,97.88151313671506,False,1,266
268,50.49357177693903,-4.015262712683038,28.465525826498503,130,121,71,#827947,0.0007922224879111802,11,11,28.747321531421253,98.02900124751739,False,1,267
130,94.49967984907201,-3.4327862086479115,20.324888774359938,248,240,200,#F8F0C8,0.001111049346811179,10,10,20.612741808027042,99.58653928343239,False,1,268
341,35.70542275513532,-4.874551051867858,25.669751743929222,90,85,42,#5A552A,0.0005884704406016627,12,12,26.128478764601343,100.7521466248952,False,1,269
235,89.73993653119074,-2.40704185907113,11.757427812600586,231,226,203,#E7E2CB,0.0020518700382276753,16,16,12.001289900666277,101.57001598249207,False,1,270
25,75.60885839021395,-1.8633871536271904,9.015258324342643,190,187,170,#BEBBAA,0.002029841802492809,28,28,9.205818504561783,101.67816265316628,False,1,271
403,93.1174421713898,-12.920003364771201,58.691545653067585,247,240,118,#F7F076,0.0004022531160115053,5,5,60.096788750247015,102.41474026013088,False,1,272
1,79.48062168368688,-6.478658122866419,29.2925148465739,205,199,142,#CDC78E,0.0004580425128816824,10,10,30.00040728239761,102.47140492706905,False,1,273
216,92.44245761655256,-8.283886823292042,36.37033968753392,243,236,163,#F3ECA3,0.0008993313438390064,8,8,37.30180142952504,102.83107765334387,False,1,274
355,41.45320048643551,-2.1114648480140428,9.2512931750102,101,98,83,#656253,0.001569391179290508,22,22,9.489189070431111,102.85665751204135,False,1,275
380,85.18004072726964,-3.915364230025519,16.346964468736672,218,214,182,#DAD6B6,0.0014131073318511926,15,15,16.809322544228323,103.46952510626699,False,1,276
140,73.30866468107384,-17.426763181786797,47.99528431516433,177,187,89,#B1BB59,0.0005487296260786194,5,5,51.06113386409999,109.95561722598597,False,1,277
336,61.162544663854256,-13.962536616245053,36.01303402513677,145,153,82,#919952,0.0003912991371045062,7,7,38.62500548162605,111.1917038184821,False,1,278
414,29.93439452337661,-6.378663258364455,10.652917542218212,67,73,54,#434936,0.0013439410844169782,14,14,12.416601673763605,120.91197207230817,False,1,279
378,69.6486199731903,-15.839204577942105,24.79351672618325,158,177,125,#9EB17D,0.000617497603068073,14,14,29.42106172988036,122.57225557489392,False,1,280
299,81.34599758564516,-26.81860754706897,39.93395224256979,178,214,125,#B2D67D,0.00041004314477468835,5,5,48.10361995188667,123.88428616234876,False,1,281
179,46.69790734418919,-13.240482863910984,18.908729748366618,100,116,78,#64744E,0.00046092179773941233,13,13,23.083553607845676,125.00091038696155,False,1,282
392,17.479393714851756,-8.185972538652956,10.432940438234285,36,46,28,#242E1C,0.0008414226712884433,14,14,13.26108564904565,128.1187079425897,False,1,283
291,83.5065087498755,-8.880887443185348,9.556498916259772,198,213,190,#C6D5BE,0.0012299376797698944,13,13,13.045950839820046,132.90141762112933,False,1,284
73,61.354340972239356,-34.985394176242245,34.60544259918142,102,163,84,#66A354,0.0002928958313919609,5,5,49.20888601820087,135.3128199987931,False,1,285
327,73.8789293051816,-46.460928784356874,41.62518417528124,112,202,101,#70CA65,0.00020626275290704823,4,4,62.380075834605755,138.14226509990908,False,1,286
360,74.12336324616189,-11.97888360049626,9.693007983358028,167,188,164,#A7BCA4,0.0008661553211888781,13,13,15.409349631950102,141.0210962344837,False,1,287
232,58.93120703443032,-11.653400810024568,9.14876940256879,127,147,125,#7F937D,0.000960953978906999,16,16,14.815590842773034,141.86550137256694,False,1,288
88,65.50830412113125,-24.67905900718545,15.420975679452356,121,171,131,#79AB83,0.0006714613594837719,8,7,29.10090109234424,148.00035385490742,False,1,289
124,32.3938337667982,-27.812172950672945,15.318701540208595,29,87,51,#1D5733,0.0003813352754627922,9,9,31.75184374357075,151.15441146946375,False,1,290
196,51.69798267876398,-46.816974492921034,25.75249696788214,17,142,77,#118E4D,0.0005294343240651966,5,4,53.43238906086455,151.18623627906516,False,1,291
56,82.05203961390376,-45.43385512769568,18.67415182106162,112,225,167,#70E1A7,0.0002565196548418025,3,2,49.12188044039538,157.65643427935038,False,1,292
314,64.28919400686286,-49.24770291101211,17.14180905029201,31,177,124,#1FB17C,0.00039697986577181204,4,4,52.14573673396497,160.80835884193596,False,1,293
303,28.654272703603276,-21.390174613316617,7.40756899303609,30,76,56,#1E4C38,0.0008703830361269126,11,10,22.636511400274653,160.8986679565378,False,1,294
147,38.49186419518476,-9.691563436582921,2.416408370441073,75,95,86,#4B5F56,0.0008997842761265581,18,18,9.98826467701215,165.9998318293317,False,1,295
113,48.25831613293999,-34.60901351177271,7.477787615102374,32,129,101,#208165,0.0007666476050219325,11,11,35.40764216768245,167.80782269218184,False,1,296
285,45.97996660976096,-13.640131365568113,2.2690119724024944,84,115,105,#547369,0.0008399568552253117,14,14,13.827566633390738,170.55542960092464,False,1,297
426,60.79849207254358,-10.73173564950083,1.564466411955402,127,152,144,#7F9890,0.0009387719268093323,15,15,10.845169671559022,171.70587861745548,False,1,298
16,56.9822696939855,-34.7859994871438,4.115433832820663,52,152,129,#349881,0.0004265948588889469,6,6,35.0285962600829,173.25285970496464,False,1,299
243,78.46832578167252,-50.73010162960847,5.97480040142081,43,218,181,#2BDAB5,0.00034774885474444714,4,4,51.08073463828826,173.28286305916197,False,1,300
171,73.66944303888306,-8.742587771709935,0.40565497262845307,164,186,180,#A4BAB4,0.001120228453030109,15,15,8.751993881560377,177.3433884619103,False,1,301
408,66.22745137992445,-33.031832981771046,0.6028591475142573,80,177,159,#50B19F,0.00046656279961649087,5,5,33.03733387074931,178.9544191986613,False,1,302
156,85.9476329605487,-12.1220570337474,-0.1753480687474025,189,222,215,#BDDED7,0.0010954937679769892,13,13,12.123325190501088,180.828737533028,False,1,303
269,71.31357444395704,-23.544621844591564,-0.891535259988872,121,187,175,#79BBAF,0.000713111217641419,10,10,23.561495133471936,182.16851284798915,False,1,304
227,41.4528543637384,-24.371942271384718,-1.6277582817189864,37,109,100,#256D64,0.0007169463087248321,9,9,24.426239315609227,183.82100761116146,False,1,305
51,27.445799499500726,-13.98021378438072,-0.9879750452399465,36,71,66,#244742,0.001162719836690217,13,13,14.015080169125168,184.04234496848557,False,1,306
251,52.10867521137945,-28.46354612446666,-8.043589462981968,31,138,137,#1F8A89,0.0008409003101373196,10,10,29.578248586226934,195.77990295113796,False,1,307
89,72.83032451912166,-15.302329913273482,-6.78930273603163,138,187,191,#8ABBBF,0.0008149089165867689,12,11,16.740846227600056,203.92579431519303,False,1,308
49,67.61712944000303,-31.279550882764326,-16.74786869826038,39,181,194,#27B5C2,0.0007744726749760307,9,9,35.48100068151422,208.16573137705868,False,1,309
82,40.836442195944535,-19.285768788778242,-10.45745820582134,34,106,113,#226A71,0.0008306001692490656,12,12,21.93853481663516,208.46818931588768,False,1,310
264,82.71111173549798,-28.718816815627356,-19.148836106225186,101,222,241,#65DEF1,0.0004288111217641419,4,4,34.51736321784493,213.69415322536832,False,1,311
159,55.29409992325134,-21.533281751285767,-16.22229914685729,53,144,160,#3590A0,0.0009475071907957814,8,8,26.96006699899656,216.9928841572788,False,1,312
372,40.60475665369041,-7.037523321070525,-5.332016822811607,78,100,104,#4E6468,0.001397919042639692,22,22,8.82933394392564,217.14958208197743,False,1,313
63,54.98599167699086,-8.369945276996823,-6.355714062793698,109,136,142,#6D888E,0.0011341958385811149,15,15,10.509571122929565,217.21120282065405,False,1,314
263,71.26172883037049,-26.915793711890245,-27.125793181933982,33,190,223,#21BEDF,0.0008592842791977579,6,6,38.213461069236935,225.2226437723921,False,1,315
430,76.82616104762297,-18.969316420996556,-20.862935242489407,116,201,227,#74C9E3,0.00036843240651965477,6,6,28.197464999751237,227.72178291122094,False,1,316
168,29.546070127691415,-8.784953082095466,-10.894485928400245,40,74,86,#284A56,0.0015691754554170657,22,22,13.99518575434887,231.11844391523758,False,1,317
233,20.079612093616536,-5.1561577549004,-6.687172434562468,33,51,58,#21333A,0.002013292382918042,19,19,8.444183676530944,232.36590779934699,False,1,318
96,58.58831451764157,-18.1976555498364,-25.2854539956345,50,152,184,#3298B8,0.0014117319701960692,16,16,31.152991048627104,234.25786111902204,False,1,319
240,47.41696283386605,-10.034659047848535,-14.79782742284374,74,118,137,#4A7689,0.0009529721955896451,16,16,17.879319859626506,235.8581351818403,False,1,320
373,41.83485292937816,-12.389344333124647,-21.20691107775822,35,106,133,#236A85,0.000616747477262061,10,9,24.56071925788559,239.70598994521444,False,1,321
166,65.82580891369341,-5.0820683281863825,-8.843470017525952,141,163,175,#8DA3AF,0.002473150860771916,34,34,10.199724527811307,240.11535157774355,False,1,322
66,68.30834424181305,-18.255898594565927,-36.49628716340503,33,179,232,#21B3E8,0.0006607185819183075,5,5,40.807558248549945,243.42520993111071,False,1,323
270,68.9981403410838,-9.298912537863778,-18.748261182307136,127,175,202,#7FAFCA,0.0012216801422748613,16,16,20.927662835272475,243.61914038602578,False,1,324
77,50.759961957207786,-9.503098310427177,-31.71441183617379,42,128,174,#2A80AE,0.0012388130929636343,14,13,33.1075942286975,253.3193628114752,False,1,325
286,82.75052137774091,-4.0020276850061425,-15.583905728272443,181,210,235,#B5D2EB,0.0018136214364665973,20,20,16.08957250330904,255.59737597261005,False,1,326
64,48.78884172168995,-2.13421785303432,-8.495062710131123,104,118,130,#687682,0.00270219225982901,32,32,8.759051106899124,255.8974268534601,False,1,327
187,62.87337884399571,-4.7570669111879536,-21.0338175692179,118,156,189,#769CBD,0.001228811121764142,15,15,21.565045029692353,257.25621951167994,False,1,328
195,35.75760948550146,-4.069443159402679,-18.403628879789427,55,87,113,#375771,0.0016389053385074538,23,23,18.84818090884711,257.5312899273769,False,1,329
129,75.52176215218513,-1.1859390431376085,-8.203453907810587,176,187,201,#B0BBC9,0.004410398693800739,53,53,8.288733765275065,261.7739786771249,False,1,330
170,74.94405484355501,-1.9416931937407345,-15.954380861718137,164,187,213,#A4BBD5,0.0017220038350910835,21,21,16.072101329302807,263.0610664499238,False,1,331
254,23.6147003074546,-1.2182098436227875,-10.082516610653773,45,57,71,#2D3947,0.002921796093805477,31,31,10.155844446780815,263.11069041234214,False,1,332
276,35.52823145543704,-3.257359517627428,-27.44623829220566,35,87,127,#23577F,0.0009272051773729626,12,12,27.638856478147105,263.2317127456597,False,1,333
359,47.39176023655279,-1.7626423801903215,-15.486288711456476,93,114,138,#5D728A,0.0022457172648517047,29,29,15.58627749704936,263.5065646387727,False,1,334
13,74.78189656270577,-3.0870131663799327,-28.180824440755305,144,188,235,#90BCEB,0.0006813713682330824,7,7,28.349400636522716,263.74857168484976,False,1,335
428,46.395621182600685,-2.3412926033157166,-23.71923901882904,77,113,149,#4D7195,0.0014954659129622285,19,19,23.83451175683452,264.36267602246886,False,1,336
395,61.62715657418863,-2.8716137032466342,-29.81025103634259,105,153,201,#6999C9,0.0011385456841292662,15,15,29.948242554621434,264.4976900123689,False,1,337
0,36.979824707367804,-0.888566859088856,-11.497869126542666,75,88,105,#4B5869,0.0035017559527424683,41,41,11.532152683440072,265.5809081804245,False,1,338
207,58.839397402910826,-1.124195041103258,-14.628092547269569,125,143,167,#7D8FA7,0.003002078917580814,47,47,14.671227149148931,265.6053552967171,False,1,339
387,15.159753196976762,-0.4672405500317858,-10.447485324491348,28,39,53,#1C2735,0.0032547935475767268,34,34,10.457928252625187,267.43928000979014,False,1,340
402,21.679095108619254,-0.5853123986296289,-15.830700074888588,34,53,75,#22354B,0.0022661617223333082,26,26,15.841516829681025,267.8825534524407,False,1,341
136,30.21324441564161,-0.0027533960236079125,-9.490930238155762,63,72,86,#3F4856,0.0039305200706639025,44,44,9.49093063754704,269.98337802901335,False,1,342
29,55.021811854086316,0.041667261256596255,-22.29574465333239,108,133,170,#6C85AA,0.0018411313518696068,25,25,22.295783588097112,270.10707673018567,False,1,343
98,42.355399704806594,0.4993239839207062,-18.09665848742404,82,101,130,#526582,0.002432677958166724,39,39,18.103545864039315,271.58050725042847,False,1,344
133,55.94937080370205,1.1651872888752912,-41.751922019022594,73,137,206,#4989CE,0.0006004554170661552,6,6,41.76817752429115,271.59856091364986,False,1,345
412,59.208772868347346,1.4233064438644973,-48.59034266746084,61,146,228,#3D92E4,0.0005546180888462768,5,5,48.611183916609264,271.67782600516193,False,1,346
81,27.742376531404577,0.5409585644434989,-14.872317834414376,52,66,88,#344258,0.0030228187919463085,40,40,14.88215286631221,272.08313087716704,False,1,347
218,43.914962347283044,2.009329621133375,-34.37712197107936,60,106,161,#3C6AA1,0.0019068124479707537,18,18,34.435794176130614,273.3451104817233,False,1,348
226,69.5209211242775,1.4343415513405864,-21.170375076844632,151,171,208,#97ABD0,0.0017987503971082155,24,24,21.21890941071634,273.8759971853928,False,1,349
400,28.37838181194911,1.4630884853780133,-21.57815678548611,45,68,100,#2D4464,0.0024030961633649687,32,32,21.627701638756395,273.8789542780133,False,1,350
17,67.04252229305044,0.9796395077933662,-13.978827404980853,152,164,188,#98A4BC,0.0032242569511025877,45,45,14.013112044919692,274.0087476186898,False,1,351
292,44.15536453605316,0.9180387926215143,-8.330528407394775,99,104,118,#636876,0.0031710731004248806,47,47,8.380960492161343,276.2887193549402,False,1,352
41,38.912056240357344,3.0565160368685236,-25.81833304139925,68,92,133,#445C85,0.001905077827738888,21,21,25.998627104526935,276.75156468052063,False,1,353
201,8.992307465223057,1.3686655700863986,-11.360804812619616,17,26,41,#111A29,0.0033238015340364335,22,22,11.442951167997744,276.8694649006794,False,1,354
7,37.902158316429976,5.034785749880688,-41.08432770803323,29,90,156,#1D5A9C,0.0006667567566131463,7,7,41.39167852078807,276.98662439111393,False,1,355
346,51.67159784417034,3.997870440075128,-30.291481126901086,96,124,175,#607CAF,0.0010421860019175456,18,18,30.554161695537175,277.51844544584776,False,1,356
228,34.68654936046327,2.4612538906756,-17.215992432632103,69,82,109,#45526D,0.003020255038276191,35,35,17.39103694880819,278.13605906012083,False,1,357
80,49.267170140316516,7.310791632002483,-50.3374690492674,44,118,203,#2C76CB,0.0008067114093959731,9,9,50.865592148057324,278.2636067125264,False,1,358
445,18.468351424447658,4.238829491187891,-21.326249949010855,28,45,76,#1C2D4C,0.0020145524103930587,22,22,21.743426876714942,281.2416641748862,False,1,359
239,14.688585382891532,3.0804591722254315,-15.044369174250052,28,37,58,#1C253A,0.004784327660106118,44,44,15.356505870896315,281.5718346707512,False,1,360
11,19.243992320096762,2.2704261980332037,-10.828945490981566,41,46,62,#292E3E,0.004517203055783196,44,44,11.064397659491704,281.8412695305658,False,1,361
101,87.93801682919332,2.4458451591282424,-11.46793201064838,215,220,242,#D7DCF2,0.0019591582059113348,14,14,11.725852768275953,282.0394832797568,False,1,362
258,21.47170513100623,6.546652194608753,-29.2000965259686,24,51,95,#18335F,0.0016766250734525944,18,18,29.924977729031966,282.6367304175002,False,1,363
389,39.6834112271627,10.386210678345323,-45.41652671473254,44,92,168,#2C5CA8,0.0008764860977948225,10,10,46.588993025015995,282.88134405382857,False,1,364
212,53.342066614296826,2.6690660086744042,-11.48162628165228,122,127,147,#7A7F93,0.0019428114668092096,37,37,11.787775677802387,283.0867817621631,False,1,365
120,30.23157414243093,7.277124556016455,-30.864051316876132,47,70,119,#2F4677,0.0018854814831767883,25,25,31.710348555235733,283.2668930835655,False,1,366
396,29.412551488105585,9.94444227903521,-37.47665633824814,35,68,128,#234480,0.0010096074349465636,13,13,38.77359542957317,284.8609795567133,False,1,367
22,8.812988614193394,5.437408829789481,-18.070759107379455,15,24,49,#0F1831,0.0019598799350833917,19,19,18.871082361624364,286.7463008398716,False,1,368
326,61.39228225168832,10.7168256719944,-31.274455355816986,136,145,203,#8891CB,0.0005942233940556088,12,12,33.05967196278433,288.91506243532604,False,1,369
369,47.92012787015846,21.108905577765036,-60.79766950468737,61,108,217,#3D6CD9,0.00030354745925215723,5,5,64.35792501232612,289.1469631240584,False,1,370
106,22.671495086903477,5.828365336044335,-16.76263934037674,49,52,79,#31344F,0.0026939105373553493,30,30,17.74699749664571,289.1725499029019,False,1,371
190,48.18376674901544,6.951887955191944,-17.69353000783581,111,112,144,#6F7090,0.0013672579098753595,25,25,19.010253819445154,291.45014408189246,False,1,372
213,37.04280388777168,16.532072530823356,-41.56380602762304,67,82,154,#43529A,0.0007633580584974626,13,13,44.73096683133819,291.6902710265314,False,1,373
255,36.385246060887546,21.969359294099917,-53.092071372588926,51,79,172,#334FAC,0.0006210930009587727,8,8,57.45799152794441,292.4796429231486,False,1,374
438,14.839773951988189,13.991831644302557,-33.68983704773904,15,33,85,#0F2155,0.0009253064289399608,10,10,36.47980911498464,292.5537534072712,False,1,375
339,27.10783219983884,4.365572075866149,-10.416012167907892,63,63,80,#3F3F50,0.0033974352828379678,35,35,11.29387130401208,292.7395935411829,False,1,376
26,27.263519231606228,18.952790488296827,-44.56891308266968,38,58,134,#263A86,0.00132058562434221,19,19,48.4313563785265,293.0374712289842,False,1,377
182,78.16769439414078,7.787720117613766,-17.8033147425259,192,190,226,#C0BEE2,0.0010371855571260538,18,18,19.43210231682939,293.62605490882095,False,1,378
116,9.775684253707247,11.068697690841281,-25.155664957149405,16,24,61,#10183D,0.0019041437377041604,16,16,27.483150256249548,293.74988588573245,False,1,379
281,20.755119753228467,15.543118984534487,-35.0933765445544,34,45,102,#222D66,0.0018035390018337927,21,21,38.381422916109784,293.8889111093466,False,1,380
302,60.80021563393707,8.975807968939645,-19.640144382183507,145,143,181,#918FB5,0.0007709479495112235,12,12,21.593989905719017,294.56103293103547,False,1,381
288,13.78426086154489,4.5173985457519334,-9.669319253153768,34,34,49,#222231,0.004823131872437648,34,34,10.672517249485795,295.04145896499176,False,1,382
262,12.38246899070937,8.986125209421449,-18.96318725240978,29,29,58,#1D1D3A,0.0024337063957758755,29,29,20.98458760732163,295.35496736865775,False,1,383
85,36.84524509376942,28.68212975728798,-60.22999752640266,53,76,185,#354CB9,0.0007556026056322777,6,6,66.7106975637669,295.4642589591564,False,1,384
24,18.386616348638473,13.153510540160571,-27.182772710155074,38,40,84,#262854,0.0012553917408970464,17,17,30.197979597020502,295.8219415753144,False,1,385
122,47.264935634972694,16.120332304734905,-33.25177072911211,108,106,168,#6C6AA8,0.00031016299137104505,6,6,36.953286325258226,295.863931524423,False,1,386
162,15.204866744089447,20.82346649771006,-40.5289120586147,17,31,97,#111F61,0.0007398833401527342,8,8,45.56544161572646,297.19377613264885,False,1,387
172,9.973947847793504,6.531235635109642,-12.48418999701068,27,25,44,#1B192C,0.0037260519738598324,31,31,14.089430038251638,297.61678956003516,False,1,388
282,20.249278896861057,26.24719222547427,-49.066982820848416,23,39,122,#17277A,0.001475277181148541,16,16,55.64605918537656,298.14347326749163,False,1,389
139,25.21834395039834,11.056645137625205,-20.29848074469385,60,56,91,#3C385B,0.0025441894630714814,35,35,23.114448343883918,298.57726639305565,False,1,390
289,40.35778005315175,14.621552252772986,-26.628119020431605,96,89,139,#60598B,0.0010533708777132455,17,17,30.378388911310655,298.7712746550332,False,1,391
132,25.76595438272251,31.856762254496747,-57.887489339021634,31,48,151,#1F3097,0.0010174547213622671,14,14,66.07431212895729,298.82495884377806,False,1,392
61,33.00830191883417,41.22941086849819,-73.88614233151176,27,60,198,#1B3CC6,0.0003656929055278576,4,4,84.61102971360089,299.1620751133038,False,1,393
328,6.1993632192575205,5.35765040529985,-9.483013960589226,21,18,32,#151220,0.003376344350823108,28,28,10.891830500064707,299.46529191398037,False,1,394
347,6.756134489151869,19.380894846874785,-32.34043395248615,12,13,64,#0C0D40,0.0006292425695110259,4,4,37.70308678743342,300.9333090188742,False,1,395
202,32.30059699576105,9.067816365662194,-13.871415533572469,80,72,98,#504862,0.0018111102340516742,22,22,16.572310114960036,303.1728535779351,False,1,396
343,42.83883388849474,6.680746584874601,-9.036050061854388,105,98,116,#696274,0.002091206728614164,35,35,11.237552031098781,306.4771353151291,False,1,397
331,32.57755928728691,49.282000302886786,-60.632293873020814,93,46,174,#5D2EAE,0.00031445349952061364,3,2,78.13443936036202,309.10425193196284,False,1,398
214,21.708130219744625,7.448845433978289,-9.101593295639363,57,49,65,#393141,0.003940939597315436,38,38,11.761135099067888,309.29727680812323,False,1,399
436,29.377203022354607,28.340457083242732,-34.30701513852417,84,55,123,#54377B,0.0007232055986415215,11,11,44.4989078001028,309.55954821306347,False,1,400
296,14.71914213400667,21.612051191875054,-24.57553757973,48,26,72,#301A48,0.0008313948224605977,8,8,32.72671392078571,311.32882254646125,False,1,401
84,69.1945999547251,13.518280758649604,-14.587125942925669,182,162,195,#B6A2C3,0.001226294343240652,16,16,19.887889730799778,312.8220980440913,False,1,402
404,69.65997311491753,21.77237946207981,-22.61717904560597,191,158,211,#BF9ED3,0.0005681208053691276,9,9,31.393841679886716,313.90970737953336,False,1,403
366,63.91384319309094,8.429114484341465,-8.28181819953178,164,150,170,#A496AA,0.0010471195146326655,22,22,11.81687283845565,315.5050129196871,False,1,404
189,57.6958058138259,33.44414033615537,-31.619259015622557,170,119,194,#AA77C2,0.0006176653883029722,6,6,46.02486353615275,316.6065959357778,False,1,405
308,82.0076769910595,8.151991652994173,-7.631776043339329,213,199,218,#D5C7DA,0.0017136145733461176,17,17,11.166869457738581,316.8877224862264,False,1,406
71,55.02050801072387,19.55336228301008,-18.167774354627305,151,121,163,#9779A3,0.0005549137104506232,11,11,26.69085988819571,317.10366576871274,False,1,407
192,37.44087803230541,50.59432808959191,-44.88590612201331,130,52,162,#8234A2,0.00030019175455417066,2,2,67.63527632257785,318.4214372191443,False,1,408
405,25.299660992877435,20.31550697605038,-17.634100900519822,78,49,87,#4E3157,0.0009410354745925215,12,12,26.90132595735135,319.0416319444606,False,1,409
416,55.133755369422005,10.814975173911623,-9.322342886907613,144,126,148,#907E94,0.0006471476510067114,16,16,14.278296989256168,319.2391653673505,False,1,410
376,42.77284931532682,14.085789428837792,-11.693332684599199,116,94,120,#745E78,0.0010180876931136394,19,19,18.306924730993853,320.3022033533514,False,1,411
266,82.80133276814769,17.42752940989955,-13.543032236921063,228,196,232,#E4C4E8,0.000880524567487121,10,10,22.07107843996747,322.14901754383266,False,1,412
42,27.936978325554314,40.92440996231327,-30.720602591030467,103,37,114,#672572,0.0007799867876435236,8,7,51.17189418342371,323.10565307066776,False,1,413
432,14.800516230885911,18.098973716946197,-12.38178247540574,54,28,55,#361C37,0.0007685111457596004,10,10,21.929007886244513,325.62337682894935,False,1,414
191,29.951443707727265,9.583954628978347,-5.95840517903159,81,66,80,#514250,0.0017484942021363874,27,27,11.285157447188142,328.1305220744673,False,1,415
315,35.233965356917444,25.854759699476123,-16.03565712689281,111,68,109,#6F446D,0.0006065124081909545,9,9,30.423854105108425,328.1919540803164,False,1,416
375,27.785200379487815,35.58497432454298,-20.400585049027384,103,42,97,#672A61,0.0005688638542665389,7,7,41.01797493808029,330.1746929403087,False,1,417
109,52.92399109264125,47.51901459740084,-25.488611416558125,184,93,171,#B85DAB,0.0005940556088207096,9,8,53.92333502531433,331.79144172154326,False,1,418
148,13.995149153109743,11.932086207148458,-6.369372876293653,48,30,45,#301E2D,0.0018529601518280255,17,17,13.525664201512907,331.90660589990233,False,1,419
277,73.41835181255557,12.156087380331302,-6.371789681558681,198,173,192,#C6ADC0,0.001141203259827421,16,16,13.724801060280168,332.33806648109794,False,1,420
110,17.803656056671585,32.33561053905974,-16.35548353174123,76,20,68,#4C1444,0.000529289338914482,7,7,36.23663271457228,333.169527800002,False,1,421
337,39.608599206683685,56.159559292559074,-27.029561274945245,158,45,138,#9E2D8A,0.0002474352828379674,3,3,62.32570322628119,334.2985167270304,False,1,422
10,28.705901238509245,21.81149867354562,-10.397263999794822,93,55,84,#5D3754,0.0009844918504314478,9,9,24.16287592708103,334.513456108037,False,1,423
342,71.31871127494105,47.06327767796453,-21.484386345951567,240,142,215,#F08ED7,0.00040807766059443914,4,4,51.735200419591536,335.4633021867227,False,1,424
28,69.71680539952004,40.07000926905713,-16.211615278257444,228,143,201,#E48FC9,0.00019755512943432407,3,3,43.225248556284264,337.9726171188473,False,1,425
185,86.95234224506453,8.138873465438774,-3.2174312781532417,231,213,224,#E7D5E0,0.0015891658676893579,14,14,8.751749843092075,338.43029330324623,False,1,426
370,43.172190920387216,39.289707653114846,-9.557699804476368,155,74,119,#9B4A77,0.0005467633390982031,10,10,40.43551351250184,346.3276686662182,False,1,427
35,45.32087873585066,58.233510788906834,-13.931999192255715,185,56,132,#B93884,0.00038398849472674973,6,6,59.87689354245712,346.54524780836226,False,1,428
335,55.02223154948112,44.85510921188122,-9.959972944633785,196,99,150,#C46396,0.000449065196548418,4,4,45.947599322136824,347.48072255266976,False,1,429
283,33.702203446670026,52.877596484451864,-11.367290166475712,146,29,99,#921D63,0.00030639980824544584,5,5,54.08563113897601,347.86756262067763,False,1,430
358,68.24936242759424,32.73920097341985,-7.024576718084438,218,145,180,#DA91B4,0.000529856759480352,13,13,33.48432407032026,347.8901283605365,False,1,431
351,55.878379821777344,85.83563232421875,-17.541885375976562,251,18,167,#FB12A7,7.773250239693192e-05,1,1,87.60977981391328,348.4497382844413,False,1,432
356,22.11177948971692,29.270062297457315,-5.833630109704012,89,33,62,#59213E,0.001114103426485743,9,9,29.845733148205245,348.72843630630433,False,1,433
146,77.02210418798224,28.46116791047314,-5.498185270297114,237,171,201,#EDABC9,0.0007025682667464155,11,11,28.987378634410153,349.06617330549,False,1,434
44,22.257968525782317,14.345311424903684,-2.710228153965739,72,45,58,#482D3A,0.0012569606261029508,22,22,14.59908546875525,349.30133654024877,False,1,435
386,60.79886892003769,64.85529891103786,-11.068265429625411,241,91,168,#F15BA8,0.00029336049856184084,5,5,65.7929806017383,350.31515403794157,False,1,436
280,51.35998256356555,23.906811141565253,-3.802216413680957,159,107,130,#9F6B82,0.0006795629663417269,18,18,24.207281313995864,350.96318170708645,False,1,437
215,49.6228130387137,70.78983911333276,-10.55986748235755,215,43,138,#D72B8A,0.0005480346236461538,4,4,71.57312430610033,351.51563255427084,False,1,438
237,8.772241846364281,10.950093951454946,-1.5257576377379576,38,19,27,#26131B,0.001783040405163591,21,21,11.055880512867617,352.0676272916676,False,1,439
310,13.948249985599428,28.18380201238521,-2.266815338052458,69,14,39,#450E27,0.0004138063279002876,4,4,28.27481472353371,355.4016149401216,False,1,440
209,27.537298337888622,41.994432265332044,-3.2272242405586913,119,29,71,#771D47,0.00075107861936721,12,12,42.11825397124637,355.6055219791194,False,1,441
152,67.15311796105213,11.158443394426312,-0.7497894644775864,183,157,165,#B79DA5,0.0017562021136505483,33,33,11.18360600288019,356.15579983471093,False,1,442
377,15.70480105860705,18.450111219830816,-1.0850333779016337,62,28,41,#3E1C29,0.0013411616198574499,15,15,18.481988568746807,356.63436650454867,False,1,443
164,55.771291249282775,59.26611181992086,-2.8725845221856274,222,83,141,#DE538D,0.0004439357622243529,6,6,59.33568700275125,357.2250876702377,False,1,444
388,35.18315723460783,28.97382903099074,-0.45201839309772973,125,64,84,#7D4054,0.000902779237590093,12,12,28.97735476790075,359.10620562743935,False,1,445
75,56.648909970037494,48.192179874794654,-0.61262772114114,211,99,139,#D3638B,0.00046709012464046025,7,7,48.19607363478143,359.2716849011411,False,1,446
421,27.782135794780487,20.288222893623153,-0.21347318275171778,94,53,67,#5E3543,0.0015365672775282937,22,22,20.289345947592516,359.3971546387309,False,1,447
155,40.74798864393857,51.29729710058013,-0.34385046306429556,169,52,98,#A93462,0.0005334131232378347,7,7,51.29844951814953,359.6159469139453,False,1,448
